data_point_id,original_text,label
1,"In 2023, our company reduced water usage across all facilities by 36%, saving over 20 million gallons. We partnered with the Global Water Institute to verify these reductions and implemented rainwater harvesting in all manufacturing units.",1
2,"Through our partnership with Renewable Future Fund, we installed 80,000 solar panels across our warehouses, generating 25% of our annual electricity and reducing CO₂ emissions by 45,000 tons in one year.",1
3,"We provided full transparency in our supply chain audit this year, with third-party verification of fair labor practices across 93% of our suppliers. The results are published on our website.",1
4,"In 2022, we diverted over 300,000 pounds of textile waste from landfills through our national clothing recycling initiative, partnering with community centers in 50 states.",1
5,"Our carbon offset program, verified by Gold Standard, has sequestered over 150,000 metric tons of CO₂ since 2020, through investments in reforestation and clean cookstove programs.",1
6,"We launched a $10 million fund to support smallholder farmers transitioning to organic farming, impacting over 12,000 livelihoods across South America. Progress is tracked in quarterly impact reports.",1
7,"We have committed to fully recyclable packaging by 2025, with 68% of all current product lines already meeting that standard as of this report, verified by the Sustainable Packaging Coalition.",1
8,"Our logistics division optimized routes and transitioned 30% of delivery vehicles to electric, reducing fuel consumption by 2.4 million liters and emissions by 6,000 tons.",1
9,"In collaboration with the Ocean Cleanup Project, we removed 2,500 tons of plastic waste from coastal areas and supported educational programs in 300 schools.",1
10,"In 2023, 78% of our workforce participated in company-sponsored volunteer programs, contributing 150,000 hours to community development projects across 18 countries.",1
11,"We are proud to lead the industry in sustainable practices and have made improvements to reduce our impact, including new energy-saving technologies in our offices.",2
12,Our team continues to implement green thinking in everything we do. We’ve taken steps toward eliminating single-use plastics but are still evaluating our progress.,2
13,"We launched a new campaign aimed at highlighting our commitment to environmental values. While goals are ambitious, we're still in the early stages of planning specific actions.",2
14,"In our pursuit of a greener future, we have adopted more environmentally friendly materials in some of our product lines, though not all regions have implemented this change.",2
15,"Our sustainability strategy involves reducing our carbon footprint, improving energy efficiency, and sourcing responsibly — all while maintaining our world-class products.",2
16,We recognize the urgency of climate change and are proud to announce our sustainability council. Specific action plans are still under development.,2
17,"We strive to promote environmental stewardship through employee engagement, new initiatives, and a values-driven workplace culture.",2
18,"This year, we made great progress in our mission to become more eco-conscious, including reducing energy use at select facilities and planning future initiatives.",2
19,"As a company dedicated to innovation, we’re exploring ways to improve our environmental footprint with new packaging designs and efficiency projects.",2
20,"We're taking steps to integrate more sustainable business models, though many of our projects are still in pilot phases and data is limited.",2
21,We are deeply committed to protecting the planet and consider sustainability a core value of our brand.,3
22,"Our dedication to the environment is reflected in everything we do, and we continuously strive to be eco-friendly leaders.",3
23,"At GreenCo, we believe in building a better future, and sustainability is one of the many things we care about.",3
24,We always put the planet first and make responsible choices every day in all our operations.,3
25,Environmental consciousness has always been at the heart of our business. We are proud of our green identity.,3
26,We’re passionate about saving the Earth and promoting sustainability through our ongoing efforts and brand mission.,3
27,"Our brand supports environmental initiatives globally, and we stand for making the world a better place.",3
28,We remain committed to exploring sustainable opportunities and playing our role in fighting climate change.,3
29,"At EcoLux, our products are inspired by nature, and we take pride in being part of the green revolution.",3
30,Sustainability is in our DNA. We aim to make responsible choices and build an eco-conscious culture.,3
31,"We're proud of our sustainability journey and continue looking for ways to innovate, including eco-friendly pilot programs across select departments.",2
32,"We love the environment and constantly think about how we can make a difference, staying true to our mission of sustainability.",3
33,"We implemented a verified waste-reduction protocol across our supply chain, resulting in a 42% decrease in non-recyclable waste materials and savings of 1.5 million gallons of water annually.",1
34,"We're proud of our sustainability journey and continue looking for ways to innovate, including eco-friendly pilot programs across select departments.",2
35,"We implemented  waste-reduction protocol across our supply chain, resulting in a 25% decrease in non-recyclable waste materials",1
36,"We're proud of our sustainability journey and continue looking for ways to innovate, including eco-friendly pilot programs across select departments.",2
37,We implemented a verified waste-reduction protocol resulting in savings of 5 million gallons of water annually.,1
38,"We love the environment and constantly think about how we can make a difference, staying true to our mission of sustainability.",3
39,"We love the environment and constantly think about how we can make a difference, staying true to our mission of sustainability.",3
40,We implemented a verified waste-reduction protocol across our various departments,1
41,"We are working towards integrating more sustainable fabrics in our clothing lines. While only 10% of our current offerings meet this standard, our design team is passionate about creating a greener future.",2
42,"Our new headquarters was built with sustainability in mind, featuring smart lighting and energy-saving features. We believe this symbolizes our dedication to innovation and the plane",2
43,We’re all about harmony with nature. Our brand reflects a love for the Earth and a promise to keep doing what’s right for the planet.,3
44,We’ve taken early steps toward becoming plastic-free by trialing biodegradable utensils in a few retail locations. This is just the beginning of our sustainability evolution,2
45,"We’ve made changes to our website to promote eco-awareness and educate customers on our commitment to sustainability, even as we continue developing internal strategies",2
46,"Our ‘Green Pathway’ initiative launched this year, focusing on long-term goals like reducing waste and improving community engagement — though most activities are still in the pilot phase",2
47,We updated our product packaging to include a green leaf symbol that reflects our vision for environmentally mindful living. We aim to increase awareness among customers,2
48,"We’re proud to be a company that cares. Environmental responsibility is in our ethos, and we continue exploring ways to align with the planet’s needs",3
49,"Our operations team is reviewing sustainability benchmarks and beginning internal discussions to reduce our environmental impact, though formal planning is still underway.",2
50,"In 2023, we eliminated 98% of hazardous solvents from our manufacturing processes and implemented a closed-loop water system that saved 6.3 million gallons of water, as verified in our annual ESG audit.",1
51,"In 2023, we diverted 83.5% of its global operational waste from landfills and incineration, showcasing a significant commitment to waste reduction. ​",1
52,"Our net-zero energy store in Vista, California, retrofitted in 2022, successfully produced more than 100% of its energy needs by 2023. ​",1
53,We eliminated approximately 6.0 million cubic feet of EPS and more than 39 million square feet of PVC film from our private-brand packaging in 2023. ​,1
54,"We have reported a 49% reduction in absolute Scope 1 and 2 GHG emissions since 2016, demonstrating significant progress towards our net-zero emissions goal. ​",1
55,"We were named to CDP’s Climate A List for the seventh consecutive year, reflecting our ongoing efforts to reduce emissions and promote sustainability. ​",1
56,"We are committed to achieving net-zero GHG emissions across its enterprise by 2040, with interim goals including sourcing 100% of its electricity from renewable sources for operations by 2030. ​",2
57,"We set a goal to reach net-zero emissions across Scope 1, 2, and 3 GHG emissions by 2050, in accordance with guidelines from the Science Based Targets initiative. ​",2
58,We nnounced a commitment to produce and procure energy from 335 megawatts of renewable and alternative energy projects by 2025. ​,2
59,Our  sustainability strategy includes promoting ENERGY STAR products and enhancing sustainability communication with stakeholders through various channels. ​,2
60,"Our sustainability strategy aims to leverage size and scale to benefit people, the planet, and drive business, with goals like eliminating problematic plastic in packaging. ​",2
61,"We understand that for a business to last, it must have a fundamental reason for being – which is found in the value it creates not only for shareholders, but for the world",3
62,"We are leveraging size and scale to benefit people, the planet, and drive business, without detailing specific measurable outcomes. ​",3
63,We know that running a sustainable operation is not only good for the environment – it's good for business,3
64,"Doing our part to create a more sustainable future is the right thing to do for our business, our communities and our planet",3
65,"We take pride in making homes better for all, and part of doing that is reducing our impact on the environment",3
66,"We are currently piloting a project to improve supply chain, targeting a 75% improvement by 2023.",2
67,"We are currently piloting a project to improve energy usage, targeting a 20% improvement by 2024.",2
68,"We partnered with EcoCert in 2023 to implement a new initiative in transportation, achieving 3,500 cubic meters of landfill space in verified results.",1
69,Plans are underway to transition to manufacturing models across key departments by 2023.,2
70,"In 2020, we began an initiative focused on energy usage with measurable goals expected to be achieved over the next 3 years.",2
71,"In 2019, we reduced our carbon emissions by 20% through verified changes in our energy usage, preventing 12 million gallons of water.",1
72,"In 2023, we reduced our carbon emissions by 80% through verified changes in our packaging, preventing 3,500 cubic meters of landfill space.",1
73,"We are collaborating with EcoCert to evaluate opportunities for transportation enhancement, with progress reports expected in 2019.",2
74,"In 2024, we reduced our carbon emissions by 70% through verified changes in our packaging, preventing 40,000 kilowatt-hours of electricity.",1
75,"In 2019, we began an initiative focused on waste management with measurable goals expected to be achieved over the next 3 years.",2
76,"In 2023, we reduced our carbon emissions by 75% through verified changes in our waste management, preventing 12 million gallons of water.",1
77,"We are collaborating with EcoCert to evaluate opportunities for product design enhancement, with progress reports expected in 2022.",2
78,"In 2024, we reduced our carbon emissions by 80% through verified changes in our product design, preventing 25,000 tons of CO₂.",1
79,"Since 2018, our packaging upgrades have cut resource consumption by 30%, with results verified by Sustainability Index.",1
80,"We are collaborating with EcoCert to evaluate opportunities for product design enhancement, with progress reports expected in 2023.",2
81,"Through third-party verification by Global Green Council, our efforts in energy usage resulted in a savings of 3,500 cubic meters of landfill space.",1
82,"In 2023, we reduced our carbon emissions by 10% through verified changes in our supply chain, preventing 5,000 hectares of deforested land.",1
83,"In 2022, we began an initiative focused on supply chain with measurable goals expected to be achieved over the next 3 years.",2
84,"We partnered with EcoCert in 2020 to implement a new initiative in energy usage, achieving 25,000 tons of CO₂ in verified results.",1
85,"Since 2019, our transportation upgrades have cut resource consumption by 45%, with results verified by PlanetWatch.",1
86,"We are collaborating with Sustainability Index to evaluate opportunities for product design enhancement, with progress reports expected in 2022.",2
87,"We partnered with Sustainability Index in 2020 to implement a new initiative in manufacturing, achieving 10,000 plastic containers in verified results.",1
88,"Since 2021, our product design upgrades have cut resource consumption by 20%, with results verified by Global Green Council.",1
89,"We are collaborating with PlanetWatch to evaluate opportunities for manufacturing enhancement, with progress reports expected in 2022.",2
90,"Through third-party verification by Sustainability Index, our efforts in transportation resulted in a savings of 40,000 kilowatt-hours of electricity.",1
91,"In 2023, we reduced our carbon emissions by 65% through verified changes in our supply chain, preventing 10,000 plastic containers.",1
92,"We are currently piloting a project to improve waste management, targeting a 60% improvement by 2023.",2
93,"We are currently piloting a project to improve waste management, targeting a 15% improvement by 2020.",2
94,"In 2021, we reduced our carbon emissions by 10% through verified changes in our supply chain, preventing 12 million gallons of water.",1
95,"We are currently piloting a project to improve manufacturing, targeting a 65% improvement by 2019.",2
96,"Through third-party verification by GreenFuture Alliance, our efforts in manufacturing resulted in a savings of 3,500 cubic meters of landfill space.",1
97,"Since 2019, our supply chain upgrades have cut resource consumption by 45%, with results verified by Sustainability Index.",1
98,"In 2018, we reduced our carbon emissions by 65% through verified changes in our supply chain, preventing 25,000 tons of CO₂.",1
99,Plans are underway to transition to supply chain models across key departments by 2020.,2
100,"Our verified sustainability audit confirmed a 35% improvement in energy usage, saving 3,500 cubic meters of landfill space in 2023.",1
101,"Since 2024, our waste management upgrades have cut resource consumption by 50%, with results verified by EcoCert.",1
102,"In 2018, we reduced our carbon emissions by 75% through verified changes in our packaging, preventing 12 million gallons of water.",1
103,"Through third-party verification by GreenFuture Alliance, our efforts in product design resulted in a savings of 40,000 kilowatt-hours of electricity.",1
104,"We partnered with Global Green Council in 2020 to implement a new initiative in packaging, achieving 12 million gallons of water in verified results.",1
105,"Since 2019, our manufacturing upgrades have cut resource consumption by 45%, with results verified by PlanetWatch.",1
106,"Our verified sustainability audit confirmed a 65% improvement in supply chain, saving 12 million gallons of water in 2020.",1
107,"Since 2019, our waste management upgrades have cut resource consumption by 75%, with results verified by GreenFuture Alliance.",1
108,"In 2023, we reduced our carbon emissions by 30% through verified changes in our energy usage, preventing 5,000 hectares of deforested land.",1
109,"Through third-party verification by PlanetWatch, our efforts in product design resulted in a savings of 25,000 tons of CO₂.",1
110,"We are currently piloting a project to improve energy usage, targeting a 75% improvement by 2021.",2
111,"Since 2018, our packaging upgrades have cut resource consumption by 35%, with results verified by PlanetWatch.",1
112,"In 2020, we began an initiative focused on packaging with measurable goals expected to be achieved over the next 3 years.",2
113,"We are currently piloting a project to improve transportation, targeting a 40% improvement by 2023.",2
114,"Through third-party verification by GreenFuture Alliance, our efforts in energy usage resulted in a savings of 3,500 cubic meters of landfill space.",1
115,Plans are underway to transition to packaging models across key departments by 2021.,2
116,"In 2024, we began an initiative focused on supply chain with measurable goals expected to be achieved over the next 3 years.",2
117,"Since 2021, our waste management upgrades have cut resource consumption by 30%, with results verified by GreenFuture Alliance.",1
118,Our operations are guided by green principles and a deep respect for the Earth.,3
119,"In 2022, we began an initiative focused on transportation with measurable goals expected to be achieved over the next 3 years.",2
120,"In 2023, we reduced our carbon emissions by 45% through verified changes in our waste management, preventing 10,000 plastic containers.",1
121,"We partnered with GreenFuture Alliance in 2022 to implement a new initiative in transportation, achieving 40,000 kilowatt-hours of electricity in verified results.",1
122,Plans are underway to transition to packaging models across key departments by 2023.,2
123,"We are collaborating with GreenFuture Alliance to evaluate opportunities for product design enhancement, with progress reports expected in 2023.",2
124,"We partnered with Global Green Council in 2023 to implement a new initiative in transportation, achieving 5,000 hectares of deforested land in verified results.",1
125,"We are collaborating with GreenFuture Alliance to evaluate opportunities for manufacturing enhancement, with progress reports expected in 2023.",2
126,"We are collaborating with GreenFuture Alliance to evaluate opportunities for supply chain enhancement, with progress reports expected in 2021.",2
127,"We partnered with EcoCert in 2022 to implement a new initiative in supply chain, achieving 3,500 cubic meters of landfill space in verified results.",1
128,"Since 2020, our supply chain upgrades have cut resource consumption by 30%, with results verified by Global Green Council.",1
129,"Our verified sustainability audit confirmed a 65% improvement in waste management, saving 10,000 plastic containers in 2023.",1
130,"In 2018, we reduced our carbon emissions by 60% through verified changes in our supply chain, preventing 10,000 plastic containers.",1
131,"Our verified sustainability audit confirmed a 75% improvement in transportation, saving 5,000 hectares of deforested land in 2019.",1
132,"In 2023, we reduced our carbon emissions by 55% through verified changes in our packaging, preventing 5,000 hectares of deforested land.",1
133,"We partnered with EcoCert in 2018 to implement a new initiative in supply chain, achieving 3,500 cubic meters of landfill space in verified results.",1
134,"We are collaborating with PlanetWatch to evaluate opportunities for supply chain enhancement, with progress reports expected in 2024.",2
135,"In 2020, we began an initiative focused on product design with measurable goals expected to be achieved over the next 3 years.",2
136,"We partnered with Global Green Council in 2019 to implement a new initiative in waste management, achieving 5,000 hectares of deforested land in verified results.",1
137,"We partnered with PlanetWatch in 2024 to implement a new initiative in product design, achieving 3,500 cubic meters of landfill space in verified results.",1
138,"We are currently piloting a project to improve waste management, targeting a 35% improvement by 2020.",2
139,Plans are underway to transition to supply chain models across key departments by 2019.,2
140,"Since 2022, our product design upgrades have cut resource consumption by 10%, with results verified by EcoCert.",1
141,"Our verified sustainability audit confirmed a 50% improvement in manufacturing, saving 3,500 cubic meters of landfill space in 2023.",1
142,"We are currently piloting a project to improve supply chain, targeting a 45% improvement by 2018.",2
143,"Our verified sustainability audit confirmed a 65% improvement in transportation, saving 12 million gallons of water in 2022.",1
144,"We are currently piloting a project to improve product design, targeting a 35% improvement by 2022.",2
145,"Through third-party verification by PlanetWatch, our efforts in transportation resulted in a savings of 40,000 kilowatt-hours of electricity.",1
146,"Our verified sustainability audit confirmed a 45% improvement in product design, saving 3,500 cubic meters of landfill space in 2018.",1
147,"We partnered with PlanetWatch in 2020 to implement a new initiative in product design, achieving 25,000 tons of CO₂ in verified results.",1
148,"Our team is in the early phases of implementing sustainable transportation practices, with initial feedback being collected.",2
149,"In 2019, we reduced our carbon emissions by 15% through verified changes in our energy usage, preventing 25,000 tons of CO₂.",1
150,"Since 2022, our waste management upgrades have cut resource consumption by 15%, with results verified by Sustainability Index.",1
151,"In 2018, we began an initiative focused on transportation with measurable goals expected to be achieved over the next 3 years.",2
152,"We partnered with Global Green Council in 2024 to implement a new initiative in supply chain, achieving 40,000 kilowatt-hours of electricity in verified results.",1
153,"We partnered with GreenFuture Alliance in 2022 to implement a new initiative in packaging, achieving 40,000 kilowatt-hours of electricity in verified results.",1
154,"Our verified sustainability audit confirmed a 30% improvement in manufacturing, saving 3,500 cubic meters of landfill space in 2019.",1
155,"We are currently piloting a project to improve packaging, targeting a 50% improvement by 2018.",2
156,"In 2020, we reduced our carbon emissions by 30% through verified changes in our supply chain, preventing 5,000 hectares of deforested land.",1
157,Plans are underway to transition to supply chain models across key departments by 2021.,2
158,"Since 2021, our waste management upgrades have cut resource consumption by 60%, with results verified by PlanetWatch.",1
159,"Our verified sustainability audit confirmed a 15% improvement in waste management, saving 3,500 cubic meters of landfill space in 2020.",1
160,"Our verified sustainability audit confirmed a 35% improvement in energy usage, saving 12 million gallons of water in 2024.",1
161,"In 2023, we reduced our carbon emissions by 65% through verified changes in our product design, preventing 12 million gallons of water.",1
162,"We are currently piloting a project to improve transportation, targeting a 55% improvement by 2019.",2
163,"In 2022, we reduced our carbon emissions by 50% through verified changes in our waste management, preventing 25,000 tons of CO₂.",1
164,"Through third-party verification by Sustainability Index, our efforts in supply chain resulted in a savings of 40,000 kilowatt-hours of electricity.",1
165,"In 2024, we reduced our carbon emissions by 20% through verified changes in our manufacturing, preventing 5,000 hectares of deforested land.",1
166,"Our verified sustainability audit confirmed a 75% improvement in waste management, saving 25,000 tons of CO₂ in 2023.",1
167,"In 2022, we reduced our carbon emissions by 30% through verified changes in our manufacturing, preventing 40,000 kilowatt-hours of electricity.",1
168,"We are currently piloting a project to improve manufacturing, targeting a 35% improvement by 2020.",2
169,"Our verified sustainability audit confirmed a 80% improvement in supply chain, saving 25,000 tons of CO₂ in 2018.",1
170,"Our verified sustainability audit confirmed a 45% improvement in packaging, saving 25,000 tons of CO₂ in 2020.",1
171,"Through third-party verification by Global Green Council, our efforts in energy usage resulted in a savings of 10,000 plastic containers.",1
172,"Our verified sustainability audit confirmed a 75% improvement in waste management, saving 25,000 tons of CO₂ in 2021.",1
173,"In 2019, we began an initiative focused on energy usage with measurable goals expected to be achieved over the next 3 years.",2
174,"We partnered with PlanetWatch in 2019 to implement a new initiative in energy usage, achieving 5,000 hectares of deforested land in verified results.",1
175,"Through third-party verification by GreenFuture Alliance, our efforts in energy usage resulted in a savings of 5,000 hectares of deforested land.",1
176,"We are currently piloting a project to improve product design, targeting a 35% improvement by 2019.",2
177,"In 2021, we began an initiative focused on product design with measurable goals expected to be achieved over the next 3 years.",2
178,"Our team is in the early phases of implementing sustainable energy usage practices, with initial feedback being collected.",2
179,"In 2018, we reduced our carbon emissions by 80% through verified changes in our product design, preventing 40,000 kilowatt-hours of electricity.",1
180,"We are currently piloting a project to improve manufacturing, targeting a 65% improvement by 2024.",2
181,"In 2020, we reduced our carbon emissions by 45% through verified changes in our manufacturing, preventing 3,500 cubic meters of landfill space.",1
182,"Our verified sustainability audit confirmed a 15% improvement in product design, saving 12 million gallons of water in 2024.",1
183,"Through third-party verification by Global Green Council, our efforts in waste management resulted in a savings of 12 million gallons of water.",1
184,Plans are underway to transition to energy usage models across key departments by 2021.,2
185,"Our verified sustainability audit confirmed a 65% improvement in transportation, saving 10,000 plastic containers in 2023.",1
186,"We partnered with Sustainability Index in 2024 to implement a new initiative in product design, achieving 40,000 kilowatt-hours of electricity in verified results.",1
187,"Since 2020, our product design upgrades have cut resource consumption by 25%, with results verified by EcoCert.",1
188,"Through third-party verification by PlanetWatch, our efforts in supply chain resulted in a savings of 40,000 kilowatt-hours of electricity.",1
189,"Through third-party verification by GreenFuture Alliance, our efforts in packaging resulted in a savings of 25,000 tons of CO₂.",1
190,"Our verified sustainability audit confirmed a 20% improvement in transportation, saving 3,500 cubic meters of landfill space in 2023.",1
191,"We are collaborating with PlanetWatch to evaluate opportunities for packaging enhancement, with progress reports expected in 2024.",2
192,"Since 2020, our product design upgrades have cut resource consumption by 25%, with results verified by Sustainability Index.",1
193,"Through third-party verification by EcoCert, our efforts in product design resulted in a savings of 25,000 tons of CO₂.",1
194,"We partnered with Sustainability Index in 2023 to implement a new initiative in manufacturing, achieving 12 million gallons of water in verified results.",1
195,"We are collaborating with GreenFuture Alliance to evaluate opportunities for packaging enhancement, with progress reports expected in 2022.",2
196,"We are collaborating with Global Green Council to evaluate opportunities for energy usage enhancement, with progress reports expected in 2024.",2
197,"We are currently piloting a project to improve product design, targeting a 55% improvement by 2018.",2
198,"In 2020, we reduced our carbon emissions by 30% through verified changes in our packaging, preventing 5,000 hectares of deforested land.",1
199,Plans are underway to transition to manufacturing models across key departments by 2022.,2
200,"In 2023, we reduced our carbon emissions by 80% through verified changes in our transportation, preventing 3,500 cubic meters of landfill space.",1
201,"Our verified sustainability audit confirmed a 75% improvement in supply chain, saving 3,500 cubic meters of landfill space in 2019.",1
202,"Our verified sustainability audit confirmed a 35% improvement in transportation, saving 10,000 plastic containers in 2018.",1
203,"In 2018, we began an initiative focused on product design with measurable goals expected to be achieved over the next 3 years.",2
204,"Our verified sustainability audit confirmed a 60% improvement in packaging, saving 10,000 plastic containers in 2022.",1
205,"We are collaborating with EcoCert to evaluate opportunities for product design enhancement, with progress reports expected in 2020.",2
206,"We are currently piloting a project to improve energy usage, targeting a 60% improvement by 2024.",2
207,Plans are underway to transition to waste management models across key departments by 2020.,2
208,"In 2021, we began an initiative focused on energy usage with measurable goals expected to be achieved over the next 3 years.",2
209,"Since 2020, our manufacturing upgrades have cut resource consumption by 10%, with results verified by Global Green Council.",1
210,"Our verified sustainability audit confirmed a 80% improvement in manufacturing, saving 40,000 kilowatt-hours of electricity in 2021.",1
211,"We are collaborating with Global Green Council to evaluate opportunities for waste management enhancement, with progress reports expected in 2019.",2
212,"We are collaborating with PlanetWatch to evaluate opportunities for product design enhancement, with progress reports expected in 2018.",2
213,Environmental responsibility is part of our company’s DNA and informs everything we do.,3
214,"Our verified sustainability audit confirmed a 80% improvement in product design, saving 5,000 hectares of deforested land in 2021.",1
215,"Through third-party verification by GreenFuture Alliance, our efforts in waste management resulted in a savings of 10,000 plastic containers.",1
216,"Through third-party verification by PlanetWatch, our efforts in supply chain resulted in a savings of 5,000 hectares of deforested land.",1
217,"In 2024, we began an initiative focused on manufacturing with measurable goals expected to be achieved over the next 3 years.",2
218,"We are collaborating with EcoCert to evaluate opportunities for waste management enhancement, with progress reports expected in 2023.",2
219,"We are collaborating with PlanetWatch to evaluate opportunities for manufacturing enhancement, with progress reports expected in 2021.",2
220,"In 2024, we began an initiative focused on product design with measurable goals expected to be achieved over the next 3 years.",2
221,"We are currently piloting a project to improve manufacturing, targeting a 50% improvement by 2020.",2
222,"Since 2021, our packaging upgrades have cut resource consumption by 30%, with results verified by PlanetWatch.",1
223,"In 2021, we began an initiative focused on packaging with measurable goals expected to be achieved over the next 3 years.",2
224,"We are currently piloting a project to improve manufacturing, targeting a 20% improvement by 2024.",2
225,"We are currently piloting a project to improve packaging, targeting a 40% improvement by 2023.",2
226,"We are collaborating with EcoCert to evaluate opportunities for supply chain enhancement, with progress reports expected in 2019.",2
227,"We are collaborating with Sustainability Index to evaluate opportunities for supply chain enhancement, with progress reports expected in 2024.",2
228,"We are collaborating with Sustainability Index to evaluate opportunities for transportation enhancement, with progress reports expected in 2024.",2
229,"In 2023, we began an initiative focused on manufacturing with measurable goals expected to be achieved over the next 3 years.",2
230,"Our team is in the early phases of implementing sustainable supply chain practices, with initial feedback being collected.",2
231,"We are collaborating with GreenFuture Alliance to evaluate opportunities for manufacturing enhancement, with progress reports expected in 2018.",2
232,"We are currently piloting a project to improve energy usage, targeting a 40% improvement by 2024.",2
233,"Since 2018, our energy usage upgrades have cut resource consumption by 55%, with results verified by GreenFuture Alliance.",1
234,"We partnered with EcoCert in 2018 to implement a new initiative in packaging, achieving 25,000 tons of CO₂ in verified results.",1
235,"We partnered with Sustainability Index in 2019 to implement a new initiative in waste management, achieving 3,500 cubic meters of landfill space in verified results.",1
236,"Our verified sustainability audit confirmed a 45% improvement in supply chain, saving 25,000 tons of CO₂ in 2018.",1
237,"We partnered with GreenFuture Alliance in 2024 to implement a new initiative in manufacturing, achieving 40,000 kilowatt-hours of electricity in verified results.",1
238,"Our verified sustainability audit confirmed a 50% improvement in waste management, saving 10,000 plastic containers in 2023.",1
239,Plans are underway to transition to supply chain models across key departments by 2023.,2
240,"At our core, we care about the environment and aim to be responsible global citizens.",3
241,"In 2018, we reduced our carbon emissions by 50% through verified changes in our transportation, preventing 40,000 kilowatt-hours of electricity.",1
242,"Our team is in the early phases of implementing sustainable product design practices, with initial feedback being collected.",2
243,"Since 2018, our transportation upgrades have cut resource consumption by 45%, with results verified by EcoCert.",1
244,"In 2024, we reduced our carbon emissions by 50% through verified changes in our manufacturing, preventing 5,000 hectares of deforested land.",1
245,"We partnered with EcoCert in 2024 to implement a new initiative in packaging, achieving 5,000 hectares of deforested land in verified results.",1
246,"Since 2019, our packaging upgrades have cut resource consumption by 75%, with results verified by PlanetWatch.",1
247,"Through third-party verification by Sustainability Index, our efforts in packaging resulted in a savings of 3,500 cubic meters of landfill space.",1
248,"We are collaborating with GreenFuture Alliance to evaluate opportunities for transportation enhancement, with progress reports expected in 2023.",2
249,"In 2021, we began an initiative focused on manufacturing with measurable goals expected to be achieved over the next 3 years.",2
250,"Since 2024, our energy usage upgrades have cut resource consumption by 35%, with results verified by EcoCert.",1
251,"We are collaborating with Sustainability Index to evaluate opportunities for product design enhancement, with progress reports expected in 2021.",2
252,"In 2022, we reduced our carbon emissions by 80% through verified changes in our transportation, preventing 3,500 cubic meters of landfill space.",1
253,"We are currently piloting a project to improve transportation, targeting a 75% improvement by 2018.",2
254,"In 2019, we began an initiative focused on transportation with measurable goals expected to be achieved over the next 3 years.",2
255,"Through third-party verification by GreenFuture Alliance, our efforts in transportation resulted in a savings of 12 million gallons of water.",1
256,"In 2020, we reduced our carbon emissions by 65% through verified changes in our manufacturing, preventing 40,000 kilowatt-hours of electricity.",1
257,"We are currently piloting a project to improve supply chain, targeting a 35% improvement by 2019.",2
258,"In 2018, we reduced our carbon emissions by 30% through verified changes in our product design, preventing 25,000 tons of CO₂.",1
259,"We partnered with Global Green Council in 2021 to implement a new initiative in manufacturing, achieving 10,000 plastic containers in verified results.",1
260,"We partnered with EcoCert in 2022 to implement a new initiative in packaging, achieving 25,000 tons of CO₂ in verified results.",1
261,"Since 2018, our packaging upgrades have cut resource consumption by 65%, with results verified by GreenFuture Alliance.",1
262,"In 2021, we reduced our carbon emissions by 45% through verified changes in our waste management, preventing 12 million gallons of water.",1
263,"Since 2022, our energy usage upgrades have cut resource consumption by 15%, with results verified by EcoCert.",1
264,Plans are underway to transition to manufacturing models across key departments by 2018.,2
265,"In 2020, we began an initiative focused on waste management with measurable goals expected to be achieved over the next 3 years.",2
266,"Through third-party verification by Global Green Council, our efforts in transportation resulted in a savings of 5,000 hectares of deforested land.",1
267,"Since 2023, our packaging upgrades have cut resource consumption by 50%, with results verified by Global Green Council.",1
268,"Through third-party verification by Global Green Council, our efforts in packaging resulted in a savings of 3,500 cubic meters of landfill space.",1
269,"We are collaborating with EcoCert to evaluate opportunities for manufacturing enhancement, with progress reports expected in 2024.",2
270,"Since 2022, our packaging upgrades have cut resource consumption by 15%, with results verified by GreenFuture Alliance.",1
271,"We are currently piloting a project to improve product design, targeting a 75% improvement by 2024.",2
272,"Since 2018, our supply chain upgrades have cut resource consumption by 55%, with results verified by EcoCert.",1
273,"Since 2020, our energy usage upgrades have cut resource consumption by 65%, with results verified by EcoCert.",1
274,"Our verified sustainability audit confirmed a 15% improvement in product design, saving 3,500 cubic meters of landfill space in 2024.",1
275,"We are collaborating with PlanetWatch to evaluate opportunities for manufacturing enhancement, with progress reports expected in 2018.",2
276,"We partnered with EcoCert in 2021 to implement a new initiative in manufacturing, achieving 5,000 hectares of deforested land in verified results.",1
277,"We are collaborating with EcoCert to evaluate opportunities for product design enhancement, with progress reports expected in 2018.",2
278,"We partnered with Global Green Council in 2018 to implement a new initiative in waste management, achieving 3,500 cubic meters of landfill space in verified results.",1
279,"Our verified sustainability audit confirmed a 20% improvement in supply chain, saving 40,000 kilowatt-hours of electricity in 2023.",1
280,"We partnered with PlanetWatch in 2020 to implement a new initiative in packaging, achieving 5,000 hectares of deforested land in verified results.",1
281,Plans are underway to transition to transportation models across key departments by 2022.,2
282,"We partnered with GreenFuture Alliance in 2024 to implement a new initiative in waste management, achieving 25,000 tons of CO₂ in verified results.",1
283,"We are collaborating with Global Green Council to evaluate opportunities for manufacturing enhancement, with progress reports expected in 2023.",2
284,"We partnered with EcoCert in 2023 to implement a new initiative in waste management, achieving 40,000 kilowatt-hours of electricity in verified results.",1
285,"Our verified sustainability audit confirmed a 55% improvement in transportation, saving 12 million gallons of water in 2021.",1
286,"We partnered with GreenFuture Alliance in 2020 to implement a new initiative in waste management, achieving 12 million gallons of water in verified results.",1
287,"In 2022, we began an initiative focused on energy usage with measurable goals expected to be achieved over the next 3 years.",2
288,"Since 2020, our supply chain upgrades have cut resource consumption by 20%, with results verified by Global Green Council.",1
289,"Since 2022, our transportation upgrades have cut resource consumption by 55%, with results verified by Sustainability Index.",1
290,"We are collaborating with PlanetWatch to evaluate opportunities for waste management enhancement, with progress reports expected in 2018.",2
291,"Since 2022, our product design upgrades have cut resource consumption by 40%, with results verified by Global Green Council.",1
292,"We are currently piloting a project to improve packaging, targeting a 55% improvement by 2022.",2
293,"We are collaborating with PlanetWatch to evaluate opportunities for waste management enhancement, with progress reports expected in 2022.",2
294,"Through third-party verification by GreenFuture Alliance, our efforts in product design resulted in a savings of 25,000 tons of CO₂.",1
295,"Through third-party verification by PlanetWatch, our efforts in product design resulted in a savings of 10,000 plastic containers.",1
296,"We partnered with GreenFuture Alliance in 2020 to implement a new initiative in waste management, achieving 5,000 hectares of deforested land in verified results.",1
297,"In 2022, we reduced our carbon emissions by 55% through verified changes in our energy usage, preventing 3,500 cubic meters of landfill space.",1
298,"Through third-party verification by EcoCert, our efforts in packaging resulted in a savings of 3,500 cubic meters of landfill space.",1
299,Plans are underway to transition to waste management models across key departments by 2022.,2
300,"In 2023, we reduced our carbon emissions by 40% through verified changes in our supply chain, preventing 25,000 tons of CO₂.",1
301,"We are collaborating with PlanetWatch to evaluate opportunities for packaging enhancement, with progress reports expected in 2023.",2
302,Plans are underway to transition to supply chain models across key departments by 2018.,2
303,"In 2022, we began an initiative focused on waste management with measurable goals expected to be achieved over the next 3 years.",2
304,"In 2021, we reduced our carbon emissions by 20% through verified changes in our waste management, preventing 40,000 kilowatt-hours of electricity.",1
305,"Since 2024, our packaging upgrades have cut resource consumption by 15%, with results verified by Global Green Council.",1
306,"In 2020, we reduced our carbon emissions by 70% through verified changes in our energy usage, preventing 3,500 cubic meters of landfill space.",1
307,"In 2023, we reduced our carbon emissions by 40% through verified changes in our manufacturing, preventing 10,000 plastic containers.",1
308,"We partnered with PlanetWatch in 2020 to implement a new initiative in waste management, achieving 12 million gallons of water in verified results.",1
309,"We partnered with GreenFuture Alliance in 2018 to implement a new initiative in packaging, achieving 40,000 kilowatt-hours of electricity in verified results.",1
310,Plans are underway to transition to energy usage models across key departments by 2020.,2
311,"Since 2024, our energy usage upgrades have cut resource consumption by 80%, with results verified by Global Green Council.",1
312,"Through third-party verification by Global Green Council, our efforts in packaging resulted in a savings of 25,000 tons of CO₂.",1
313,"Our verified sustainability audit confirmed a 30% improvement in packaging, saving 3,500 cubic meters of landfill space in 2019.",1
314,"We partnered with Sustainability Index in 2019 to implement a new initiative in packaging, achieving 3,500 cubic meters of landfill space in verified results.",1
315,Plans are underway to transition to waste management models across key departments by 2024.,2
316,"In 2019, we began an initiative focused on product design with measurable goals expected to be achieved over the next 3 years.",2
317,"Our verified sustainability audit confirmed a 45% improvement in waste management, saving 25,000 tons of CO₂ in 2024.",1
318,"Through third-party verification by PlanetWatch, our efforts in energy usage resulted in a savings of 3,500 cubic meters of landfill space.",1
319,"We partnered with Global Green Council in 2020 to implement a new initiative in packaging, achieving 3,500 cubic meters of landfill space in verified results.",1
320,"Through third-party verification by PlanetWatch, our efforts in waste management resulted in a savings of 5,000 hectares of deforested land.",1
321,Plans are underway to transition to transportation models across key departments by 2018.,2
322,Plans are underway to transition to packaging models across key departments by 2024.,2
323,"In 2018, we reduced our carbon emissions by 10% through verified changes in our waste management, preventing 40,000 kilowatt-hours of electricity.",1
324,"We are collaborating with Global Green Council to evaluate opportunities for transportation enhancement, with progress reports expected in 2022.",2
325,"We partnered with Global Green Council in 2023 to implement a new initiative in waste management, achieving 40,000 kilowatt-hours of electricity in verified results.",1
326,"Since 2019, our transportation upgrades have cut resource consumption by 55%, with results verified by Global Green Council.",1
327,"Through third-party verification by GreenFuture Alliance, our efforts in energy usage resulted in a savings of 40,000 kilowatt-hours of electricity.",1
328,"Through third-party verification by EcoCert, our efforts in energy usage resulted in a savings of 10,000 plastic containers.",1
329,"We are currently piloting a project to improve supply chain, targeting a 50% improvement by 2019.",2
330,"We are collaborating with Sustainability Index to evaluate opportunities for waste management enhancement, with progress reports expected in 2023.",2
331,"We are collaborating with Sustainability Index to evaluate opportunities for transportation enhancement, with progress reports expected in 2023.",2
332,"In 2018, we began an initiative focused on manufacturing with measurable goals expected to be achieved over the next 3 years.",2
333,"Our verified sustainability audit confirmed a 40% improvement in supply chain, saving 40,000 kilowatt-hours of electricity in 2022.",1
334,"Our verified sustainability audit confirmed a 35% improvement in packaging, saving 10,000 plastic containers in 2018.",1
335,"In 2020, we began an initiative focused on transportation with measurable goals expected to be achieved over the next 3 years.",2
336,"Our verified sustainability audit confirmed a 75% improvement in product design, saving 40,000 kilowatt-hours of electricity in 2024.",1
337,"Through third-party verification by EcoCert, our efforts in transportation resulted in a savings of 12 million gallons of water.",1
338,"Through third-party verification by Sustainability Index, our efforts in packaging resulted in a savings of 5,000 hectares of deforested land.",1
339,"We are currently piloting a project to improve supply chain, targeting a 25% improvement by 2024.",2
340,"In 2023, we began an initiative focused on energy usage with measurable goals expected to be achieved over the next 3 years.",2
341,"We are currently piloting a project to improve waste management, targeting a 25% improvement by 2024.",2
342,"We are collaborating with GreenFuture Alliance to evaluate opportunities for waste management enhancement, with progress reports expected in 2023.",2
343,"Since 2020, our manufacturing upgrades have cut resource consumption by 50%, with results verified by Global Green Council.",1
344,"We partnered with Sustainability Index in 2018 to implement a new initiative in energy usage, achieving 12 million gallons of water in verified results.",1
345,Plans are underway to transition to waste management models across key departments by 2019.,2
346,"Through third-party verification by EcoCert, our efforts in supply chain resulted in a savings of 5,000 hectares of deforested land.",1
347,"We are collaborating with Sustainability Index to evaluate opportunities for product design enhancement, with progress reports expected in 2023.",2
348,"We are currently piloting a project to improve product design, targeting a 65% improvement by 2022.",2
349,"Through third-party verification by PlanetWatch, our efforts in manufacturing resulted in a savings of 40,000 kilowatt-hours of electricity.",1
350,"Since 2024, our packaging upgrades have cut resource consumption by 15%, with results verified by PlanetWatch.",1
351,Plans are underway to transition to packaging models across key departments by 2019.,2
352,Plans are underway to transition to product design models across key departments by 2022.,2
353,"In 2022, we reduced our carbon emissions by 20% through verified changes in our packaging, preventing 3,500 cubic meters of landfill space.",1
354,"Through third-party verification by PlanetWatch, our efforts in waste management resulted in a savings of 25,000 tons of CO₂.",1
355,"In 2022, we reduced our carbon emissions by 50% through verified changes in our product design, preventing 40,000 kilowatt-hours of electricity.",1
356,Plans are underway to transition to packaging models across key departments by 2020.,2
357,"We partnered with PlanetWatch in 2022 to implement a new initiative in waste management, achieving 40,000 kilowatt-hours of electricity in verified results.",1
358,"We are currently piloting a project to improve transportation, targeting a 55% improvement by 2021.",2
359,"Our verified sustainability audit confirmed a 20% improvement in transportation, saving 40,000 kilowatt-hours of electricity in 2024.",1
360,"Our verified sustainability audit confirmed a 40% improvement in waste management, saving 12 million gallons of water in 2021.",1
361,"Since 2023, our product design upgrades have cut resource consumption by 75%, with results verified by EcoCert.",1
362,"Through third-party verification by GreenFuture Alliance, our efforts in energy usage resulted in a savings of 25,000 tons of CO₂.",1
363,"Since 2024, our manufacturing upgrades have cut resource consumption by 65%, with results verified by GreenFuture Alliance.",1
364,"In 2023, we reduced our carbon emissions by 80% through verified changes in our supply chain, preventing 40,000 kilowatt-hours of electricity.",1
365,"Our verified sustainability audit confirmed a 55% improvement in energy usage, saving 5,000 hectares of deforested land in 2023.",1
366,"We partnered with EcoCert in 2021 to implement a new initiative in packaging, achieving 3,500 cubic meters of landfill space in verified results.",1
367,We always strive to be a force for good and protect the planet through our values.,3
368,"Through third-party verification by Global Green Council, our efforts in waste management resulted in a savings of 40,000 kilowatt-hours of electricity.",1
369,"Since 2022, our transportation upgrades have cut resource consumption by 50%, with results verified by PlanetWatch.",1
370,"In 2019, we reduced our carbon emissions by 20% through verified changes in our transportation, preventing 3,500 cubic meters of landfill space.",1
371,"Since 2019, our energy usage upgrades have cut resource consumption by 35%, with results verified by EcoCert.",1
372,"We are currently piloting a project to improve manufacturing, targeting a 30% improvement by 2022.",2
373,"In 2019, we reduced our carbon emissions by 25% through verified changes in our product design, preventing 12 million gallons of water.",1
374,"In 2023, we reduced our carbon emissions by 25% through verified changes in our packaging, preventing 5,000 hectares of deforested land.",1
375,"We partnered with Global Green Council in 2020 to implement a new initiative in supply chain, achieving 25,000 tons of CO₂ in verified results.",1
376,"Through third-party verification by EcoCert, our efforts in waste management resulted in a savings of 12 million gallons of water.",1
377,"We are collaborating with Global Green Council to evaluate opportunities for manufacturing enhancement, with progress reports expected in 2019.",2
378,Plans are underway to transition to supply chain models across key departments by 2022.,2
379,"Our verified sustainability audit confirmed a 70% improvement in transportation, saving 12 million gallons of water in 2021.",1
380,"Since 2020, our waste management upgrades have cut resource consumption by 25%, with results verified by GreenFuture Alliance.",1
381,"We are currently piloting a project to improve waste management, targeting a 80% improvement by 2023.",2
382,"Our team is in the early phases of implementing sustainable packaging practices, with initial feedback being collected.",2
383,"Our verified sustainability audit confirmed a 35% improvement in waste management, saving 40,000 kilowatt-hours of electricity in 2020.",1
384,"We are currently piloting a project to improve manufacturing, targeting a 40% improvement by 2024.",2
385,"We partnered with Sustainability Index in 2019 to implement a new initiative in transportation, achieving 10,000 plastic containers in verified results.",1
386,Plans are underway to transition to energy usage models across key departments by 2018.,2
387,"We partnered with GreenFuture Alliance in 2023 to implement a new initiative in supply chain, achieving 12 million gallons of water in verified results.",1
388,"We partnered with Global Green Council in 2020 to implement a new initiative in manufacturing, achieving 12 million gallons of water in verified results.",1
389,"In 2022, we reduced our carbon emissions by 50% through verified changes in our transportation, preventing 10,000 plastic containers.",1
390,"In 2021, we began an initiative focused on supply chain with measurable goals expected to be achieved over the next 3 years.",2
391,"We partnered with EcoCert in 2019 to implement a new initiative in packaging, achieving 5,000 hectares of deforested land in verified results.",1
392,"We are currently piloting a project to improve manufacturing, targeting a 10% improvement by 2019.",2
393,"We partnered with EcoCert in 2023 to implement a new initiative in transportation, achieving 25,000 tons of CO₂ in verified results.",1
394,"In 2024, we reduced our carbon emissions by 70% through verified changes in our product design, preventing 3,500 cubic meters of landfill space.",1
395,"We partnered with Global Green Council in 2023 to implement a new initiative in supply chain, achieving 25,000 tons of CO₂ in verified results.",1
396,"Since 2019, our packaging upgrades have cut resource consumption by 60%, with results verified by GreenFuture Alliance.",1
397,Plans are underway to transition to product design models across key departments by 2023.,2
398,"In 2022, we reduced our carbon emissions by 65% through verified changes in our supply chain, preventing 40,000 kilowatt-hours of electricity.",1
399,"We are collaborating with Sustainability Index to evaluate opportunities for waste management enhancement, with progress reports expected in 2024.",2
400,"We are currently piloting a project to improve packaging, targeting a 30% improvement by 2019.",2
401,"We are currently piloting a project to improve energy usage, targeting a 50% improvement by 2024.",2
402,"In 2022, we reduced our carbon emissions by 55% through verified changes in our energy usage, preventing 5,000 hectares of deforested land.",1
403,"In 2021, we reduced our carbon emissions by 80% through verified changes in our packaging, preventing 10,000 plastic containers.",1
404,"We are currently piloting a project to improve waste management, targeting a 35% improvement by 2018.",2
405,"Through third-party verification by EcoCert, our efforts in transportation resulted in a savings of 3,500 cubic meters of landfill space.",1
406,"We are collaborating with Global Green Council to evaluate opportunities for product design enhancement, with progress reports expected in 2022.",2
407,"Since 2024, our manufacturing upgrades have cut resource consumption by 50%, with results verified by EcoCert.",1
408,"In 2023, we began an initiative focused on product design with measurable goals expected to be achieved over the next 3 years.",2
409,"Our verified sustainability audit confirmed a 10% improvement in manufacturing, saving 25,000 tons of CO₂ in 2021.",1
410,"We partnered with EcoCert in 2020 to implement a new initiative in supply chain, achieving 25,000 tons of CO₂ in verified results.",1
411,"In 2022, we reduced our carbon emissions by 60% through verified changes in our supply chain, preventing 12 million gallons of water.",1
412,"Through third-party verification by Sustainability Index, our efforts in packaging resulted in a savings of 40,000 kilowatt-hours of electricity.",1
413,"Since 2022, our supply chain upgrades have cut resource consumption by 80%, with results verified by Global Green Council.",1
414,"Our team is in the early phases of implementing sustainable manufacturing practices, with initial feedback being collected.",2
415,"Through third-party verification by EcoCert, our efforts in packaging resulted in a savings of 40,000 kilowatt-hours of electricity.",1
416,"In 2021, we reduced our carbon emissions by 60% through verified changes in our product design, preventing 10,000 plastic containers.",1
417,"We partnered with PlanetWatch in 2020 to implement a new initiative in energy usage, achieving 3,500 cubic meters of landfill space in verified results.",1
418,Plans are underway to transition to product design models across key departments by 2024.,2
419,"Since 2022, our transportation upgrades have cut resource consumption by 65%, with results verified by GreenFuture Alliance.",1
420,"In 2022, we reduced our carbon emissions by 75% through verified changes in our supply chain, preventing 3,500 cubic meters of landfill space.",1
421,"Since 2022, our packaging upgrades have cut resource consumption by 65%, with results verified by GreenFuture Alliance.",1
422,"Our verified sustainability audit confirmed a 60% improvement in product design, saving 5,000 hectares of deforested land in 2023.",1
423,"Our verified sustainability audit confirmed a 45% improvement in product design, saving 10,000 plastic containers in 2022.",1
424,"We partnered with Sustainability Index in 2018 to implement a new initiative in product design, achieving 40,000 kilowatt-hours of electricity in verified results.",1
425,"Our team is in the early phases of implementing sustainable waste management practices, with initial feedback being collected.",2
426,"We partnered with Global Green Council in 2024 to implement a new initiative in supply chain, achieving 10,000 plastic containers in verified results.",1
427,"Our verified sustainability audit confirmed a 15% improvement in transportation, saving 40,000 kilowatt-hours of electricity in 2023.",1
428,"Our verified sustainability audit confirmed a 10% improvement in waste management, saving 3,500 cubic meters of landfill space in 2019.",1
429,"Our verified sustainability audit confirmed a 25% improvement in manufacturing, saving 10,000 plastic containers in 2024.",1
430,"In 2018, we began an initiative focused on energy usage with measurable goals expected to be achieved over the next 3 years.",2
431,"We partnered with Sustainability Index in 2018 to implement a new initiative in energy usage, achieving 25,000 tons of CO₂ in verified results.",1
432,"In 2023, we began an initiative focused on waste management with measurable goals expected to be achieved over the next 3 years.",2
433,"In 2019, we reduced our carbon emissions by 75% through verified changes in our manufacturing, preventing 5,000 hectares of deforested land.",1
434,"We partnered with Global Green Council in 2018 to implement a new initiative in packaging, achieving 10,000 plastic containers in verified results.",1
435,"Our verified sustainability audit confirmed a 55% improvement in supply chain, saving 25,000 tons of CO₂ in 2020.",1
436,"We are currently piloting a project to improve manufacturing, targeting a 15% improvement by 2023.",2
437,"We partnered with EcoCert in 2024 to implement a new initiative in manufacturing, achieving 40,000 kilowatt-hours of electricity in verified results.",1
438,"Since 2021, our packaging upgrades have cut resource consumption by 10%, with results verified by EcoCert.",1
439,"In 2022, we began an initiative focused on manufacturing with measurable goals expected to be achieved over the next 3 years.",2
440,"In 2022, we reduced our carbon emissions by 20% through verified changes in our manufacturing, preventing 40,000 kilowatt-hours of electricity.",1
441,"In 2020, we reduced our carbon emissions by 40% through verified changes in our product design, preventing 5,000 hectares of deforested land.",1
442,"We are collaborating with Sustainability Index to evaluate opportunities for product design enhancement, with progress reports expected in 2019.",2
443,"In 2019, we reduced our carbon emissions by 40% through verified changes in our waste management, preventing 5,000 hectares of deforested land.",1
444,"We partnered with GreenFuture Alliance in 2024 to implement a new initiative in product design, achieving 12 million gallons of water in verified results.",1
445,Plans are underway to transition to waste management models across key departments by 2023.,2
446,"In 2020, we reduced our carbon emissions by 80% through verified changes in our packaging, preventing 3,500 cubic meters of landfill space.",1
447,"Our verified sustainability audit confirmed a 60% improvement in packaging, saving 3,500 cubic meters of landfill space in 2019.",1
448,"Our verified sustainability audit confirmed a 75% improvement in transportation, saving 3,500 cubic meters of landfill space in 2024.",1
449,"In 2018, we began an initiative focused on supply chain with measurable goals expected to be achieved over the next 3 years.",2
450,"In 2023, we reduced our carbon emissions by 80% through verified changes in our supply chain, preventing 12 million gallons of water.",1
451,"Our verified sustainability audit confirmed a 55% improvement in energy usage, saving 40,000 kilowatt-hours of electricity in 2021.",1
452,"Our verified sustainability audit confirmed a 40% improvement in packaging, saving 25,000 tons of CO₂ in 2018.",1
453,"In 2018, we began an initiative focused on packaging with measurable goals expected to be achieved over the next 3 years.",2
454,"We are collaborating with Global Green Council to evaluate opportunities for waste management enhancement, with progress reports expected in 2018.",2
455,"Since 2018, our product design upgrades have cut resource consumption by 40%, with results verified by Global Green Council.",1
456,"In 2024, we reduced our carbon emissions by 20% through verified changes in our energy usage, preventing 12 million gallons of water.",1
457,"We partnered with Sustainability Index in 2023 to implement a new initiative in manufacturing, achieving 40,000 kilowatt-hours of electricity in verified results.",1
458,"We are collaborating with Global Green Council to evaluate opportunities for transportation enhancement, with progress reports expected in 2021.",2
459,"We partnered with PlanetWatch in 2022 to implement a new initiative in transportation, achieving 12 million gallons of water in verified results.",1
460,"Since 2020, our manufacturing upgrades have cut resource consumption by 30%, with results verified by GreenFuture Alliance.",1
461,"We partnered with Global Green Council in 2019 to implement a new initiative in product design, achieving 25,000 tons of CO₂ in verified results.",1
462,"In 2022, we reduced our carbon emissions by 10% through verified changes in our supply chain, preventing 10,000 plastic containers.",1
463,"Through third-party verification by EcoCert, our efforts in supply chain resulted in a savings of 40,000 kilowatt-hours of electricity.",1
464,"In 2023, we reduced our carbon emissions by 30% through verified changes in our product design, preventing 40,000 kilowatt-hours of electricity.",1
465,"In 2022, we reduced our carbon emissions by 55% through verified changes in our product design, preventing 25,000 tons of CO₂.",1
466,"We partnered with Global Green Council in 2019 to implement a new initiative in product design, achieving 10,000 plastic containers in verified results.",1
467,"We are collaborating with GreenFuture Alliance to evaluate opportunities for waste management enhancement, with progress reports expected in 2022.",2
468,"In 2020, we reduced our carbon emissions by 75% through verified changes in our packaging, preventing 12 million gallons of water.",1
469,Plans are underway to transition to transportation models across key departments by 2024.,2
470,"In 2024, we began an initiative focused on waste management with measurable goals expected to be achieved over the next 3 years.",2
471,"We are collaborating with Global Green Council to evaluate opportunities for energy usage enhancement, with progress reports expected in 2019.",2
472,"Through third-party verification by Global Green Council, our efforts in transportation resulted in a savings of 25,000 tons of CO₂.",1
473,"In 2021, we reduced our carbon emissions by 60% through verified changes in our product design, preventing 40,000 kilowatt-hours of electricity.",1
474,"We are collaborating with EcoCert to evaluate opportunities for energy usage enhancement, with progress reports expected in 2020.",2
475,"We are collaborating with GreenFuture Alliance to evaluate opportunities for energy usage enhancement, with progress reports expected in 2018.",2
476,"We are collaborating with EcoCert to evaluate opportunities for energy usage enhancement, with progress reports expected in 2018.",2
477,"We are collaborating with Global Green Council to evaluate opportunities for packaging enhancement, with progress reports expected in 2021.",2
478,Plans are underway to transition to manufacturing models across key departments by 2020.,2
479,"Since 2024, our energy usage upgrades have cut resource consumption by 55%, with results verified by Sustainability Index.",1
480,"We are collaborating with Sustainability Index to evaluate opportunities for energy usage enhancement, with progress reports expected in 2019.",2
481,"Through third-party verification by PlanetWatch, our efforts in supply chain resulted in a savings of 3,500 cubic meters of landfill space.",1
482,"Since 2024, our energy usage upgrades have cut resource consumption by 50%, with results verified by EcoCert.",1
483,"Through third-party verification by PlanetWatch, our efforts in product design resulted in a savings of 12 million gallons of water.",1
484,"Since 2020, our packaging upgrades have cut resource consumption by 70%, with results verified by GreenFuture Alliance.",1
485,"Our verified sustainability audit confirmed a 25% improvement in packaging, saving 12 million gallons of water in 2024.",1
486,"In 2024, we began an initiative focused on packaging with measurable goals expected to be achieved over the next 3 years.",2
487,"We are collaborating with Sustainability Index to evaluate opportunities for energy usage enhancement, with progress reports expected in 2018.",2
488,"In 2021, we reduced our carbon emissions by 65% through verified changes in our waste management, preventing 25,000 tons of CO₂.",1
489,Plans are underway to transition to manufacturing models across key departments by 2019.,2
490,"We are currently piloting a project to improve supply chain, targeting a 40% improvement by 2020.",2
491,"Since 2019, our packaging upgrades have cut resource consumption by 45%, with results verified by PlanetWatch.",1
492,"We are collaborating with Sustainability Index to evaluate opportunities for packaging enhancement, with progress reports expected in 2023.",2
493,"In 2024, we began an initiative focused on transportation with measurable goals expected to be achieved over the next 3 years.",2
494,"We are collaborating with Sustainability Index to evaluate opportunities for manufacturing enhancement, with progress reports expected in 2020.",2
495,"In 2020, we began an initiative focused on supply chain with measurable goals expected to be achieved over the next 3 years.",2
496,"Through third-party verification by GreenFuture Alliance, our efforts in energy usage resulted in a savings of 10,000 plastic containers.",1
497,Plans are underway to transition to product design models across key departments by 2021.,2
498,"Since 2018, our manufacturing upgrades have cut resource consumption by 65%, with results verified by Global Green Council.",1
499,"We believe that sustainability is a journey, and we are committed to making positive changes.",3
500,"In 2023, we reduced our carbon emissions by 40% through verified changes in our packaging, preventing 25,000 tons of CO₂.",1